subreddit,keep,category,language,subscribers_K,avg_ncomments,perc_removed,04-11,04-12,04-13,total,total7d,new
AdvertiseYourVideos,False,generic,en,7,0.2,7.7,20.0,16.0,22.0,9.0,14.4,2.0
AlJazeera,False,specific_news,en,1,0.0,0.1,27.0,19.0,20.0,22.3,27.7,1.0
AmericanPolitics,True,generic_politics,en,12,2.6,25.5,9.0,13.0,8.0,7.9,12.0,3.0
AnythingGoesNews,False,generic_news,en,28,0.4,2.3,76.0,40.0,38.0,120.7,87.7,1.0
AutoNewspaper,False,bot_news,en,9,0.0,0.0,1016.0,678.0,511.0,924.0,972.9,1.0
BreadTube,True,ideological,en,108,12.4,46.9,10.0,9.0,5.0,10.0,11.1,3.0
BreitbartNews,False,specific_news,en,1,0.0,0.0,26.0,22.0,14.0,36.2,34.0,1.0
CCP_virus,False,coronavirus,en,2,2.1,4.0,23.0,16.0,13.0,6.1,19.9,1.0
COVID,False,coronavirus,en,1,1.6,11.1,13.0,8.0,11.0,4.4,13.0,1.0
COVID19,True,coronavirus,en,182,46.0,63.0,100.0,70.0,44.0,101.0,104.3,1.0
COVIDProjects,False,coronavirus,en,8,2.6,37.3,17.0,10.0,11.0,6.7,10.3,2.0
CanadaCoronavirus,True,coronavirus,en,13,16.3,15.0,16.0,10.0,4.0,34.6,26.6,1.0
CanadaPolitics,True,local,en,109,38.3,23.5,14.0,0.0,7.0,10.2,11.1,1.0
ChapoTrapHouse,False,ideological,en,157,40.8,10.5,8.0,7.0,2.0,19.9,7.3,1.0
China,True,local,en,148,17.1,28.9,30.0,17.0,19.0,24.1,22.3,1.0
China_Flu,True,coronavirus,en,111,14.7,30.6,202.0,154.0,104.0,225.5,169.1,1.0
China_Flu_Uncensored,False,coronavirus,en,3,2.0,2.1,27.0,61.0,9.0,5.5,15.6,3.0
Conservative,True,ideological,en,320,21.6,45.1,88.0,52.0,49.0,71.5,86.6,1.0
CoronaVirusTX,True,coronavirus,en,12,14.1,23.4,12.0,5.0,0.0,17.5,10.3,1.0
CoronaVirus_2019_nCoV,True,coronavirus,en,13,1.5,6.1,21.0,13.0,9.0,48.4,21.6,1.0
Coronavirus,True,coronavirus,en,1933,69.7,65.6,1331.0,807.0,555.0,1725.6,1146.0,0.0
CoronavirusAlabama,False,coronavirus,en,1,3.9,1.5,13.0,6.0,9.0,7.2,11.3,1.0
CoronavirusCA,True,coronavirus,en,17,15.4,29.1,20.0,8.0,5.0,24.1,17.0,1.0
CoronavirusCanada,False,coronavirus,en,4,7.0,9.8,14.0,7.0,3.0,15.9,14.7,1.0
CoronavirusDownunder,True,coronavirus,en,13,16.0,20.5,27.0,10.0,5.0,20.9,19.3,1.0
CoronavirusFOS,False,coronavirus,en,5,5.5,8.6,24.0,13.0,11.0,33.0,19.9,1.0
CoronavirusMemes,True,coronavirus,en,82,3.2,21.1,14.0,9.0,8.0,30.5,14.4,1.0
CoronavirusMichigan,False,coronavirus,en,3,14.8,7.4,12.0,9.0,13.0,7.8,10.3,2.0
CoronavirusNewYork,False,coronavirus,en,6,5.3,8.1,24.0,11.0,6.0,16.6,19.9,1.0
CoronavirusRecession,True,coronavirus,en,55,13.6,24.4,24.0,15.0,15.0,12.7,16.3,1.0
CoronavirusUK,True,coronavirus,en,21,23.2,30.6,34.0,32.0,30.0,33.7,37.1,1.0
CoronavirusUS,True,coronavirus,en,72,16.2,43.5,88.0,59.0,48.0,106.5,81.4,1.0
CoronavirusWA,False,coronavirus,en,14,23.1,16.9,5.0,4.0,0.0,14.3,6.1,1.0
Covid2019,False,coronavirus,en,3,1.0,3.5,27.0,19.0,8.0,24.5,21.4,1.0
CovidMapping,False,coronavirus,en,6,1.0,4.9,13.0,9.0,2.0,19.3,11.0,1.0
Documentaries,False,entertainment,en,16035,50.5,64.0,11.0,11.0,7.0,6.5,10.3,2.0
Donald_Trump,False,ideological,en,9,1.8,2.5,18.0,2.0,9.0,24.2,20.9,1.0
DrainTheSwamp,True,ideological,en,16,5.2,26.7,16.0,11.0,12.0,20.5,19.1,1.0
Economics,True,business_economics,en,780,33.7,51.4,18.0,8.0,11.0,28.8,15.1,1.0
EnoughTrumpSpam,True,ideological,en,97,6.2,18.6,9.0,15.0,15.0,9.8,11.4,3.0
EverythingScience,True,science_health,en,220,14.7,17.4,9.0,7.0,5.0,10.8,12.7,1.0
Filmmakers,False,entertainment,en,915,3.9,27.6,17.0,8.0,8.0,6.0,11.0,3.0
FloridaCoronavirus,False,coronavirus,en,3,9.2,6.1,12.0,11.0,2.0,15.3,15.1,1.0
FreeKarma4U,False,generic,en,93,14.2,30.2,16.0,12.0,9.0,24.3,13.0,1.0
Futurology,True,technology,en,14520,50.7,25.3,10.0,5.0,10.0,9.0,10.4,1.0
GetMoreViewsYT,False,business_economics,en,35,0.9,8.3,21.0,15.0,6.0,12.3,16.4,1.0
Health,True,science_health,en,913,2.9,97.5,77.0,54.0,47.0,48.0,56.7,1.0
Impeach_Trump,True,ideological,en,67,10.1,35.0,13.0,13.0,18.0,9.5,11.7,3.0
IndiaSpeaks,True,local,en,60,14.8,20.7,53.0,35.0,36.0,47.8,66.7,1.0
LateStageCapitalism,True,ideological,en,518,19.6,10.6,15.0,12.0,2.0,14.6,10.6,1.0
Libertarian,True,ideological,en,375,36.8,14.4,24.0,12.0,11.0,24.7,25.7,1.0
LockdownSkepticism,False,coronavirus,en,3,18.3,16.4,38.0,28.0,25.0,2.7,18.3,2.0
LosAngeles,True,local,en,187,43.2,42.4,11.0,13.0,19.0,9.8,11.3,3.0
MadeMeSmile,False,generic,en,1822,18.5,25.5,11.0,18.0,15.0,9.0,15.0,3.0
Mexico_News,False,local,es,4,0.1,2.0,9.0,7.0,11.0,13.6,16.6,1.0
Michigan,True,local,en,87,42.1,44.0,16.0,18.0,10.0,8.5,12.6,2.0
Mueller,False,ideological,en,1,0.3,0.1,11.0,7.0,6.0,8.5,10.4,1.0
Music,False,entertainment,en,23209,4.8,69.1,58.0,33.0,20.0,41.7,36.6,1.0
NewSkaters,False,entertainment,en,70,4.6,18.1,15.0,16.0,18.0,2.6,12.1,3.0
NewsOfTheStupid,True,generic_news,en,79,9.8,56.0,12.0,15.0,19.0,5.1,13.4,3.0
NoRules,False,generic,en,7,2.0,88.4,121.0,76.0,47.0,104.4,102.6,1.0
POLITIC,True,generic_politics,en,44,3.1,1.7,67.0,32.0,34.0,83.9,67.3,1.0
POTUSWatch,True,ideological,en,16,3.4,71.4,26.0,11.0,14.0,23.0,20.7,1.0
PewdiepieSubmissions,False,entertainment,en,2728,4.3,50.6,37.0,24.0,9.0,27.1,22.9,1.0
Philippines,False,local,oth,302,28.5,35.5,30.0,15.0,10.0,28.1,20.0,1.0
PoliticalVideo,True,generic_politics,en,25,3.5,14.9,16.0,14.0,12.0,9.5,12.7,2.0
PoliticalVideos,False,generic_politics,en,1,0.0,0.1,47.0,35.0,39.0,48.2,53.0,1.0
Positive_News,False,generic_news,en,57,0.7,93.9,23.0,13.0,27.0,22.4,26.3,1.0
PublicFreakout,False,entertainment,en,2001,146.6,51.8,31.0,18.0,13.0,20.0,17.1,1.0
Republican,True,ideological,en,102,8.6,41.6,14.0,8.0,12.0,11.6,14.0,1.0
RepublicanValues,False,ideological,en,6,1.5,2.5,18.0,17.0,10.0,9.9,12.6,3.0
Romania,False,local,oth,134,28.1,23.9,11.0,14.0,8.0,15.8,12.9,1.0
SEO,True,business_economics,en,127,7.5,86.5,9.0,5.0,5.0,7.2,10.7,1.0
SeattleWA,False,local,en,118,27.0,6.0,4.0,2.0,3.0,10.8,4.3,1.0
Sino,True,local,en,37,18.6,72.2,14.0,10.0,9.0,15.3,13.0,1.0
SmallYTChannel,False,entertainment,en,61,14.6,67.0,16.0,14.0,13.0,8.4,11.4,2.0
SmallYoutubers,False,entertainment,en,19,0.5,7.6,17.0,20.0,15.0,10.2,13.3,2.0
SpotifyPlaylists,False,entertainment,en,49,0.3,11.8,26.0,11.0,4.0,11.3,15.6,1.0
StillSandersForPres,False,ideological,en,4,0.3,3.2,3.0,7.0,5.0,10.8,7.1,1.0
TShirts,False,entertainment,en,4,0.8,92.2,21.0,0.0,0.0,2.1,12.4,1.0
TechNewsToday,True,technology,en,143,39.9,93.5,21.0,23.0,9.0,30.8,20.7,1.0
TheNewRight,True,ideological,en,35,4.3,7.5,17.0,5.0,6.0,6.8,11.0,1.0
TheNewsFeed,False,bot_news,en,1,0.0,0.0,162.0,154.0,116.0,226.4,204.1,1.0
The_Mueller,True,ideological,en,171,15.6,17.1,16.0,8.0,14.0,10.1,10.9,2.0
TopDesign,False,business_economics,en,1,0.0,10.4,10.0,25.0,22.0,9.4,13.7,2.0
Trumpvirus,False,ideological,en,2,3.5,2.3,20.0,19.0,5.0,4.6,17.0,1.0
USNEWS,True,generic_news,en,17,2.6,31.1,13.0,6.0,3.0,12.3,10.7,1.0
UpliftingNews,True,generic_news,en,15668,53.8,65.0,37.0,31.0,24.0,47.1,45.0,1.0
WayOfTheBern,True,ideological,en,77,11.2,6.2,22.0,28.0,6.0,31.7,23.6,1.0
YouTube_startups,False,business_economics,en,45,0.2,12.6,17.0,5.0,4.0,10.9,11.1,1.0
apple,False,entertainment,en,1429,36.1,79.1,14.0,17.0,8.0,5.2,10.1,3.0
appletv,False,entertainment,en,78,5.8,90.7,14.0,17.0,13.0,1.9,13.0,3.0
argentina,False,local,es,155,35.0,42.8,13.0,16.0,4.0,17.8,13.3,1.0
atheism,True,ideological,en,2563,31.8,33.1,26.0,13.0,7.0,18.5,14.3,1.0
australia,True,local,en,465,52.9,56.6,17.0,18.0,9.0,31.2,18.4,1.0
aww,False,entertainment,en,24335,12.4,34.5,23.0,11.0,5.0,23.2,22.0,1.0
badgovnofreedom,False,ideological,en,4,0.2,79.8,15.0,6.0,9.0,15.5,19.9,1.0
bayarea,True,local,en,172,29.5,24.7,10.0,15.0,20.0,9.5,11.1,2.0
brasil,False,local,es,340,18.3,25.7,31.0,17.0,6.0,28.5,24.6,1.0
brasilivre,False,local,pt,57,14.7,7.4,22.0,11.0,6.0,20.8,15.1,1.0
breakingnews,False,generic_news,en,1,0.0,98.3,47.0,33.0,6.0,35.0,37.0,1.0
business,True,business_economics,en,541,8.0,88.5,13.0,9.0,13.0,16.2,17.6,1.0
canada,True,local,en,639,71.2,45.4,51.0,24.0,27.0,52.4,46.7,1.0
collapse,True,science_health,en,182,32.4,12.3,17.0,10.0,0.0,12.0,11.6,1.0
conservatives,True,ideological,en,33,8.1,26.7,20.0,19.0,16.0,9.6,13.6,2.0
conspiracy,True,ideological,en,1169,33.3,36.9,128.0,79.0,38.0,74.5,104.1,1.0
coronabr,False,coronavirus,pt,21,9.3,12.7,13.0,3.0,8.0,12.8,11.6,1.0
covidmx,False,coronavirus,en,1,3.7,7.8,17.0,13.0,16.0,1.7,11.4,2.0
cvnews,False,coronavirus,en,4,3.3,6.0,2.0,3.0,8.0,16.9,6.6,1.0
dataisbeautiful,True,science_health,en,14382,50.4,54.4,41.0,18.0,10.0,34.1,32.1,1.0
de,False,local,de,256,33.6,19.2,22.0,17.0,18.0,26.4,22.3,1.0
democrats,False,ideological,en,127,12.4,63.6,7.0,3.0,3.0,10.2,8.7,1.0
discordservers,False,entertainment,en,78,0.5,20.7,24.0,13.0,3.0,15.3,19.1,1.0
donaldtrump,False,ideological,en,5,1.9,20.1,6.0,2.0,2.0,18.5,9.4,1.0
economy,True,business_economics,en,154,8.2,9.1,14.0,12.0,15.0,14.0,14.7,1.0
entertainment,False,entertainment,en,1436,39.2,89.0,15.0,16.0,8.0,19.9,18.3,1.0
environment,True,science_health,en,664,6.0,14.3,11.0,11.0,10.0,10.7,11.9,1.0
esist,True,ideological,en,125,9.6,20.8,13.0,12.0,10.0,9.1,10.1,3.0
europe,True,local,en,2339,47.1,46.4,43.0,36.0,28.0,68.6,52.6,1.0
florida,True,local,en,70,16.0,12.2,10.0,13.0,13.0,8.8,11.7,2.0
france,False,local,fr,339,30.3,19.2,29.0,15.0,16.0,34.9,27.4,1.0
funny,False,entertainment,en,29820,29.4,77.3,104.0,27.0,24.0,104.0,71.1,1.0
gaming,False,entertainment,en,25818,14.2,68.3,20.0,2.0,4.0,17.7,15.0,1.0
google,True,technology,en,925,2.2,82.8,16.0,21.0,17.0,3.5,15.1,3.0
healthIT,True,science_health,en,12,7.8,90.4,12.0,4.0,9.0,10.5,10.1,1.0
healthcare,True,science_health,en,44,3.0,85.2,11.0,15.0,17.0,9.9,14.0,2.0
hiphop,False,entertainment,en,60,1.1,73.7,20.0,22.0,11.0,6.4,17.7,1.0
hiphopheads,False,entertainment,en,1887,20.4,59.1,13.0,7.0,15.0,10.1,11.3,2.0
iamatotalpieceofshit,False,entertainment,en,957,52.3,48.7,13.0,8.0,0.0,12.5,8.6,1.0
india,True,local,en,317,34.3,56.6,118.0,88.0,70.0,81.8,96.6,1.0
indianews,True,local,en,49,3.2,10.9,32.0,23.0,18.0,21.7,27.0,1.0
inthenews,True,generic_news,en,73,6.6,47.4,34.0,12.0,5.0,19.9,16.3,1.0
ireland,True,local,en,268,24.0,19.7,17.0,11.0,3.0,16.4,12.3,1.0
italy,False,local,it,192,72.2,40.4,3.0,8.0,4.0,10.3,7.3,1.0
japan,True,local,en,235,16.3,37.6,6.0,19.0,5.0,7.1,10.6,3.0
kotakuinaction2,False,entertainment,en,15,28.2,6.2,12.0,8.0,17.0,8.2,12.0,3.0
listentothis,False,entertainment,en,15720,1.6,74.2,16.0,11.0,18.0,10.0,14.4,2.0
maryland,True,local,en,47,17.2,26.0,20.0,14.0,0.0,5.8,15.7,1.0
medical_news,False,science_health,en,5,0.1,3.2,24.0,10.0,13.0,12.7,16.0,1.0
medicine,False,science_health,en,295,39.8,65.6,3.0,4.0,3.0,10.0,7.4,1.0
memes,False,entertainment,en,9502,6.5,50.0,10.0,10.0,3.0,15.3,10.9,1.0
metacanada,True,local,en,35,14.9,15.9,11.0,12.0,3.0,11.9,11.3,1.0
movies,False,entertainment,en,22663,72.7,83.3,4.0,11.0,13.0,31.4,12.0,1.0
nCoV,False,coronavirus,en,8,0.7,18.1,32.0,34.0,11.0,38.2,21.9,1.0
nba,False,entertainment,en,3201,52.3,45.7,2.0,0.0,4.0,20.0,4.0,1.0
neoliberal,True,ideological,en,60,97.8,26.8,17.0,10.0,7.0,15.7,13.7,1.0
new_right,False,ideological,en,10,0.2,5.1,16.0,11.0,10.0,11.5,13.4,1.0
newjersey,True,local,en,99,22.4,23.2,10.0,12.0,17.0,9.0,10.1,3.0
news,True,generic_news,en,20363,599.4,98.4,537.0,342.0,260.0,498.0,459.1,1.0
newsbotbot,False,bot_news,en,3,0.0,0.0,775.0,511.0,511.0,849.9,827.3,1.0
newzealand,True,local,en,224,39.7,33.5,8.0,4.0,2.0,14.8,11.6,1.0
nextfuckinglevel,False,entertainment,en,2104,54.1,26.2,3.0,16.0,16.0,8.1,11.0,3.0
nfl,False,entertainment,en,1893,113.9,53.1,12.0,20.0,9.0,6.3,10.6,2.0
nottheonion,True,generic_news,en,16671,78.8,66.4,60.0,34.0,23.0,79.3,57.7,1.0
nyc,True,local,en,219,32.9,32.4,8.0,10.0,4.0,20.0,13.7,1.0
nytimes,False,specific_news,en,2,0.1,0.0,32.0,14.0,17.0,39.7,33.3,1.0
onguardforthee,False,local,en,85,24.4,14.1,2.0,7.0,7.0,11.5,9.0,1.0
ontario,True,local,en,108,27.8,42.8,11.0,5.0,9.0,11.9,10.1,1.0
ottawa,True,local,en,77,22.8,27.6,8.0,10.0,5.0,11.7,10.3,1.0
pakistan,True,local,en,48,14.2,48.5,15.0,10.0,5.0,10.1,10.7,1.0
politics,True,generic_politics,en,5965,135.2,58.9,334.0,221.0,180.0,387.9,338.7,1.0
prisons,False,other,en,2,0.0,0.0,48.0,22.0,7.0,31.4,43.3,1.0
quarantine,False,coronavirus,en,1,1.0,5.8,14.0,15.0,14.0,2.4,11.1,2.0
quarantineactivities,True,coronavirus,en,35,6.4,13.6,25.0,15.0,8.0,12.2,17.9,1.0
republicans,False,ideological,en,9,2.1,3.5,22.0,14.0,6.0,8.9,11.1,3.0
science,True,science_health,en,23698,74.6,48.0,16.0,17.0,11.0,20.9,19.4,1.0
shamelessplug,False,entertainment,en,23,0.3,9.2,16.0,16.0,15.0,8.8,12.6,2.0
singapore,True,local,en,227,33.9,38.5,33.0,20.0,23.0,19.9,26.7,1.0
skeptic,True,ideological,en,141,15.7,15.9,10.0,16.0,13.0,7.9,10.6,2.0
soccer,False,entertainment,en,1963,65.8,46.9,13.0,6.0,11.0,38.5,13.7,1.0
socialism,True,ideological,en,255,7.6,23.4,15.0,4.0,7.0,7.9,11.0,3.0
sports,False,entertainment,en,16911,26.5,51.8,3.0,4.0,0.0,10.5,4.0,1.0
tech,True,technology,en,306,41.8,97.5,15.0,16.0,17.0,6.3,14.1,2.0
technews,True,technology,en,148,22.6,84.4,10.0,3.0,9.0,17.9,12.3,1.0
technology,True,technology,en,8784,69.6,71.0,30.0,30.0,19.0,33.1,31.4,1.0
television,False,entertainment,en,16369,79.4,53.7,8.0,14.0,7.0,13.0,11.1,1.0
thenetherlands,False,local,nl,285,55.5,88.5,13.0,5.0,8.0,13.7,11.7,1.0
theworldnews,False,generic_news,en,9,0.1,1.7,27.0,17.0,3.0,22.2,21.4,1.0
todayilearned,False,generic,en,22523,98.8,66.8,30.0,23.0,12.0,29.3,26.6,1.0
toronto,True,local,en,194,43.3,38.1,13.0,4.0,6.0,13.5,11.1,1.0
trashy,False,entertainment,en,1969,51.1,43.9,12.0,2.0,3.0,10.1,6.3,1.0
trump,True,ideological,en,38,15.3,32.9,13.0,13.0,10.0,25.2,20.9,1.0
ukpolitics,True,local,en,247,81.9,23.8,59.0,48.0,24.0,34.9,46.1,1.0
unitedkingdom,True,local,en,288,55.2,43.0,56.0,49.0,29.0,37.1,46.0,1.0
usanews,True,generic_news,en,13,1.2,37.0,11.0,19.0,10.0,9.4,11.3,2.0
uspolitics,True,generic_politics,en,18,3.7,31.2,15.0,9.0,2.0,14.2,12.4,1.0
vancouver,True,local,en,175,28.7,33.1,13.0,10.0,3.0,18.1,16.0,1.0
videos,False,entertainment,en,22604,15.0,78.5,216.0,130.0,82.0,191.4,176.1,1.0
wallstreetbets,False,business_economics,en,1096,309.5,81.7,10.0,6.0,6.0,24.3,9.9,1.0
worldnews,True,generic_news,en,23704,57.6,83.3,521.0,406.0,295.0,533.1,493.6,1.0
worldpolitics,True,generic_politics,en,1204,15.6,13.8,116.0,78.0,77.0,115.3,125.3,1.0
unitedstatesofindia,,,,1,12.4,9.2,9.0,12.0,0.0,2.3,11.1
ExplorePakistan,,,,11,1.7,90.0,19.0,17.0,0.0,1.6,10.1
brasilnoticias,,,,1,1.6,0.0,28.0,37.0,0.0,1.2,10.4
microsoft,,,,105,2.6,81.1,21.0,18.0,0.0,2.5,10.3
ksi,,,,564,0.8,45.2,12.0,18.0,7.0,5.1,10.4
fucktheccp,,,,3,3.1,3.1,11.0,11.0,8.0,3.1,10.4
europeanunion,,,,10,0.7,4.4,0.0,33.0,15.0,4.8,10.7
uknews,,,,8,2.1,32.2,3.0,0.0,0.0,3.8,13.1
CoronavirusMidwest,,,,4,4.0,19.1,2.0,0.0,0.0,6.2,16.9
hockey,,,,975,37.2,26.2,3.0,2.0,0.0,4.4,10.3
formula1,,,,890,23.2,46.3,0.0,2.0,4.0,7.0,19.4
CoronaVirusInfo,,,,2,1.0,9.5,4.0,15.0,0.0,7.6,10.6
